"","depth classes","n","percent_label"
"1","All water column",1,1.12359550561798
"2","BATHY",9,10.1123595505618
"3","EPI",16,17.9775280898876
"4","MESO",12,13.4831460674157
"5","Not specified",15,16.8539325842697
"6","SEAFLOOR",4,4.49438202247191
"7","SHAL",32,35.9550561797753
