"","Species","n","percent_label"
"1","Corals",27,26.7326732673267
"2","Fishes",15,14.8514851485149
"3","Invertebrates",11,10.8910891089109
"4","Macroalgae",12,11.8811881188119
"5","Mangrove",2,1.98019801980198
"6","Marine mammals",10,9.9009900990099
"7","Marine reptiles",1,0.99009900990099
"8","Multiple marine species",10,9.9009900990099
"9","Not included",11,10.8910891089109
"10","Seagrasses",2,1.98019801980198
