"","depth classes","n","percent_label"
"1","BATHY",13,9.35251798561151
"2","EPI",24,17.2661870503597
"3","MESO",20,14.3884892086331
"4","Not specified",19,13.6690647482014
"5","SEAFLOOR",12,8.63309352517986
"6","SHAL",51,36.6906474820144
