"","Species","n","percent_label"
"1","Corals",22,30.9859154929577
"2","Fishes",10,14.0845070422535
"3","Invertebrates",8,11.2676056338028
"4","Macroalgae",11,15.4929577464789
"5","Mangrove",1,1.40845070422535
"6","Marine mammals",5,7.04225352112676
"7","Multiple marine species",6,8.45070422535211
"8","Not included",6,8.45070422535211
"9","Seagrasses",2,2.8169014084507
